{
  "timestamps": [
    37.67344069480896,
    37.77387714385986,
    37.874242544174194,
    37.97460699081421,
    38.07495880126953,
    38.17534875869751,
    38.27587914466858,
    38.376232385635376,
    38.476593017578125,
    38.57695150375366,
    38.67733073234558,
    38.77776384353638,
    38.87809753417969,
    38.978442430496216,
    39.07887387275696,
    39.17925691604614,
    39.279701948165894,
    39.38004469871521,
    39.48042583465576,
    39.580854654312134,
    39.681227684020996,
    39.78158974647522,
    39.88195013999939,
    39.9823203086853,
    40.08274173736572,
    40.18315815925598,
    40.283626079559326,
    40.38398027420044,
    40.48434901237488,
    40.58471894264221,
    40.685091972351074,
    40.78545331954956,
    40.88587427139282,
    40.98621869087219,
    41.08657217025757,
    41.18694519996643,
    41.287389278411865,
    41.387781620025635,
    41.488128662109375,
    41.58856415748596,
    41.688923358917236,
    41.789276123046875,
    41.889731884002686,
    41.990087270736694,
    42.09044146537781,
    42.190892934799194,
    42.29132676124573,
    42.391756534576416,
    42.49211049079895,
    42.59254002571106
  ],
  "channel_0": [
    0.0,
    0.0,
    0.0,
    0.0,
    0.0,
    0.0,
    0.0,
    0.0,
    0.0,
    0.0,
    0.0,
    0.0,
    0.0,
    0.0,
    0.0,
    0.0,
    0.0,
    0.0,
    0.0,
    0.0,
    0.0,
    0.0,
    0.0,
    0.0,
    0.0,
    0.0,
    0.0,
    0.0,
    0.0,
    0.0,
    0.0,
    0.0,
    0.0,
    0.0,
    0.0,
    0.0,
    0.0,
    0.0,
    0.0,
    0.0,
    0.0,
    0.0,
    0.0,
    0.0,
    0.0,
    0.0,
    0.0,
    0.0,
    0.0,
    0.0
  ],
  "current_values": {
    "channel_0": 0.0
  }
}